config,L,criterion,l,FP,FN,N_H0,N_H1
affine_bigram,10,big_1.0_k1,2,0.000000,0.944000,10000,10000
affine_bigram,10,big_1.0_k2,2,0.000000,0.944000,10000,10000
affine_bigram,10,big_1.0_k3,2,0.000100,0.880000,10000,10000
affine_bigram,10,big_1.1_k1,2,0.000000,0.944000,10000,10000
affine_bigram,10,big_1.1_k2,2,0.000000,0.998000,10000,10000
affine_bigram,10,big_1.1_k3,2,0.000000,0.999400,10000,10000
affine_bigram,10,big_1.2_k1,2,0.000000,0.944000,10000,10000
affine_bigram,10,big_1.2_k2,2,0.000000,0.944000,10000,10000
affine_bigram,10,big_1.2_k3,2,0.000100,0.880000,10000,10000
affine_bigram,10,big_1.3_k1,2,0.000000,0.944000,10000,10000
affine_bigram,10,big_1.3_k2,2,0.000000,0.944000,10000,10000
affine_bigram,10,big_1.3_k3,2,0.000100,0.880000,10000,10000
affine_bigram,10,big_3.0,2,1.000000,0.000000,10000,10000
affine_bigram,10,big_5.1,2,1.000000,0.000000,10000,10000
affine_bigram,10,sym_1.0_k3,1,0.000000,1.000000,10000,10000
affine_bigram,10,sym_1.0_k4,1,0.000000,1.000000,10000,10000
affine_bigram,10,sym_1.0_k5,1,0.000000,1.000000,10000,10000
affine_bigram,10,sym_1.1_k3,1,0.000000,1.000000,10000,10000
affine_bigram,10,sym_1.1_k4,1,0.000000,1.000000,10000,10000
affine_bigram,10,sym_1.1_k5,1,0.000000,1.000000,10000,10000
affine_bigram,10,sym_1.2_k3,1,0.000000,1.000000,10000,10000
affine_bigram,10,sym_1.2_k4,1,0.000000,1.000000,10000,10000
affine_bigram,10,sym_1.2_k5,1,0.000000,1.000000,10000,10000
affine_bigram,10,sym_1.3_k3,1,0.000000,1.000000,10000,10000
affine_bigram,10,sym_1.3_k4,1,0.000000,1.000000,10000,10000
affine_bigram,10,sym_1.3_k5,1,0.000000,1.000000,10000,10000
affine_bigram,10,sym_3.0,1,1.000000,0.000000,10000,10000
affine_bigram,10,sym_5.1,1,0.425600,0.039200,10000,10000
affine_bigram,100,big_1.0_k1,2,0.000000,0.583000,10000,10000
affine_bigram,100,big_1.0_k2,2,0.000000,0.583000,10000,10000
affine_bigram,100,big_1.0_k3,2,0.000100,0.346400,10000,10000
affine_bigram,100,big_1.1_k1,2,0.000000,0.583000,10000,10000
affine_bigram,100,big_1.1_k2,2,0.000000,0.883100,10000,10000
affine_bigram,100,big_1.1_k3,2,0.000000,0.864200,10000,10000
affine_bigram,100,big_1.2_k1,2,0.000000,0.583000,10000,10000
affine_bigram,100,big_1.2_k2,2,0.000000,0.583000,10000,10000
affine_bigram,100,big_1.2_k3,2,0.000100,0.346400,10000,10000
affine_bigram,100,big_1.3_k1,2,0.000000,0.583000,10000,10000
affine_bigram,100,big_1.3_k2,2,0.000000,0.583000,10000,10000
affine_bigram,100,big_1.3_k3,2,0.000100,0.346400,10000,10000
affine_bigram,100,big_3.0,2,1.000000,0.000000,10000,10000
affine_bigram,100,big_5.1,2,0.501700,0.000000,10000,10000
affine_bigram,100,sym_1.0_k3,1,0.000000,1.000000,10000,10000
affine_bigram,100,sym_1.0_k4,1,0.000000,1.000000,10000,10000
affine_bigram,100,sym_1.0_k5,1,0.000000,1.000000,10000,10000
affine_bigram,100,sym_1.1_k3,1,0.000000,1.000000,10000,10000
affine_bigram,100,sym_1.1_k4,1,0.000000,1.000000,10000,10000
affine_bigram,100,sym_1.1_k5,1,0.000000,1.000000,10000,10000
affine_bigram,100,sym_1.2_k3,1,0.000000,1.000000,10000,10000
affine_bigram,100,sym_1.2_k4,1,0.000000,1.000000,10000,10000
affine_bigram,100,sym_1.2_k5,1,0.000000,1.000000,10000,10000
affine_bigram,100,sym_1.3_k3,1,0.000000,1.000000,10000,10000
affine_bigram,100,sym_1.3_k4,1,0.000000,1.000000,10000,10000
affine_bigram,100,sym_1.3_k5,1,0.000000,1.000000,10000,10000
affine_bigram,100,sym_3.0,1,0.722000,0.554900,10000,10000
affine_bigram,100,sym_5.1,1,0.000000,0.923100,10000,10000
affine_bigram,1000,big_1.0_k1,2,0.000000,0.162600,10000,10000
affine_bigram,1000,big_1.0_k2,2,0.000000,0.162600,10000,10000
affine_bigram,1000,big_1.0_k3,2,0.001500,0.123800,10000,10000
affine_bigram,1000,big_1.1_k1,2,0.000000,0.162600,10000,10000
affine_bigram,1000,big_1.1_k2,2,0.000000,0.292400,10000,10000
affine_bigram,1000,big_1.1_k3,2,0.000000,0.177200,10000,10000
affine_bigram,1000,big_1.2_k1,2,0.000000,0.162600,10000,10000
affine_bigram,1000,big_1.2_k2,2,0.000000,0.162600,10000,10000
affine_bigram,1000,big_1.2_k3,2,0.001500,0.123800,10000,10000
affine_bigram,1000,big_1.3_k1,2,0.000000,0.162600,10000,10000
affine_bigram,1000,big_1.3_k2,2,0.000000,0.162600,10000,10000
affine_bigram,1000,big_1.3_k3,2,0.001500,0.123800,10000,10000
affine_bigram,1000,big_5.1,2,0.000000,0.375800,10000,10000
affine_bigram,1000,sym_1.0_k3,1,0.000000,1.000000,10000,10000
affine_bigram,1000,sym_1.0_k4,1,0.000000,1.000000,10000,10000
affine_bigram,1000,sym_1.0_k5,1,0.000000,1.000000,10000,10000
affine_bigram,1000,sym_1.1_k3,1,0.000000,1.000000,10000,10000
affine_bigram,1000,sym_1.1_k4,1,0.000000,1.000000,10000,10000
affine_bigram,1000,sym_1.1_k5,1,0.000000,1.000000,10000,10000
affine_bigram,1000,sym_1.2_k3,1,0.000000,1.000000,10000,10000
affine_bigram,1000,sym_1.2_k4,1,0.000000,1.000000,10000,10000
affine_bigram,1000,sym_1.2_k5,1,0.000000,1.000000,10000,10000
affine_bigram,1000,sym_1.3_k3,1,0.000000,1.000000,10000,10000
affine_bigram,1000,sym_1.3_k4,1,0.000000,1.000000,10000,10000
affine_bigram,1000,sym_1.3_k5,1,0.000000,1.000000,10000,10000
affine_bigram,1000,sym_3.0,1,0.000600,0.457600,10000,10000
affine_bigram,1000,sym_5.1,1,0.000000,0.926000,10000,10000
affine_symbol,10,big_1.0_k1,2,0.000000,0.921900,10000,10000
affine_symbol,10,big_1.0_k2,2,0.000000,0.921900,10000,10000
affine_symbol,10,big_1.0_k3,2,0.000100,0.879100,10000,10000
affine_symbol,10,big_1.1_k1,2,0.000000,0.921900,10000,10000
affine_symbol,10,big_1.1_k2,2,0.000000,0.996500,10000,10000
affine_symbol,10,big_1.1_k3,2,0.000000,0.999500,10000,10000
affine_symbol,10,big_1.2_k1,2,0.000000,0.921900,10000,10000
affine_symbol,10,big_1.2_k2,2,0.000000,0.921900,10000,10000
affine_symbol,10,big_1.2_k3,2,0.000100,0.879100,10000,10000
affine_symbol,10,big_1.3_k1,2,0.000000,0.921900,10000,10000
affine_symbol,10,big_1.3_k2,2,0.000000,0.921900,10000,10000
affine_symbol,10,big_1.3_k3,2,0.000100,0.879100,10000,10000
affine_symbol,10,big_3.0,2,1.000000,0.000000,10000,10000
affine_symbol,10,big_5.1,2,1.000000,0.000000,10000,10000
affine_symbol,10,sym_1.0_k3,1,0.000000,1.000000,10000,10000
affine_symbol,10,sym_1.0_k4,1,0.000000,1.000000,10000,10000
affine_symbol,10,sym_1.0_k5,1,0.000000,1.000000,10000,10000
affine_symbol,10,sym_1.1_k3,1,0.000000,1.000000,10000,10000
affine_symbol,10,sym_1.1_k4,1,0.000000,1.000000,10000,10000
affine_symbol,10,sym_1.1_k5,1,0.000000,1.000000,10000,10000
affine_symbol,10,sym_1.2_k3,1,0.000000,1.000000,10000,10000
affine_symbol,10,sym_1.2_k4,1,0.000000,1.000000,10000,10000
affine_symbol,10,sym_1.2_k5,1,0.000000,1.000000,10000,10000
affine_symbol,10,sym_1.3_k3,1,0.000000,1.000000,10000,10000
affine_symbol,10,sym_1.3_k4,1,0.000000,1.000000,10000,10000
affine_symbol,10,sym_1.3_k5,1,0.000000,1.000000,10000,10000
affine_symbol,10,sym_3.0,1,1.000000,0.000000,10000,10000
affine_symbol,10,sym_5.1,1,0.425600,0.032900,10000,10000
affine_symbol,100,big_1.0_k1,2,0.000000,0.555500,10000,10000
affine_symbol,100,big_1.0_k2,2,0.000000,0.555500,10000,10000
affine_symbol,100,big_1.0_k3,2,0.000100,0.413700,10000,10000
affine_symbol,100,big_1.1_k1,2,0.000000,0.555500,10000,10000
affine_symbol,100,big_1.1_k2,2,0.000000,0.859000,10000,10000
affine_symbol,100,big_1.1_k3,2,0.000000,0.891900,10000,10000
affine_symbol,100,big_1.2_k1,2,0.000000,0.555500,10000,10000
affine_symbol,100,big_1.2_k2,2,0.000000,0.555500,10000,10000
affine_symbol,100,big_1.2_k3,2,0.000100,0.413700,10000,10000
affine_symbol,100,big_1.3_k1,2,0.000000,0.555500,10000,10000
affine_symbol,100,big_1.3_k2,2,0.000000,0.555500,10000,10000
affine_symbol,100,big_1.3_k3,2,0.000100,0.413700,10000,10000
affine_symbol,100,big_3.0,2,1.000000,0.000000,10000,10000
affine_symbol,100,big_5.1,2,0.501700,0.000600,10000,10000
affine_symbol,100,sym_1.0_k3,1,0.000000,1.000000,10000,10000
affine_symbol,100,sym_1.0_k4,1,0.000000,1.000000,10000,10000
affine_symbol,100,sym_1.0_k5,1,0.000000,1.000000,10000,10000
affine_symbol,100,sym_1.1_k3,1,0.000000,1.000000,10000,10000
affine_symbol,100,sym_1.1_k4,1,0.000000,1.000000,10000,10000
affine_symbol,100,sym_1.1_k5,1,0.000000,1.000000,10000,10000
affine_symbol,100,sym_1.2_k3,1,0.000000,1.000000,10000,10000
affine_symbol,100,sym_1.2_k4,1,0.000000,1.000000,10000,10000
affine_symbol,100,sym_1.2_k5,1,0.000000,1.000000,10000,10000
affine_bigram,1000,big_3.0,2,0.485000,0.715800,10000,10000
affine_symbol,100,sym_1.3_k3,1,0.000000,1.000000,10000,10000
affine_symbol,100,sym_1.3_k5,1,0.000000,1.000000,10000,10000
affine_symbol,100,sym_3.0,1,0.722000,0.170600,10000,10000
affine_symbol,100,sym_5.1,1,0.000000,0.605900,10000,10000
affine_symbol,1000,big_1.0_k1,2,0.000000,0.224300,10000,10000
affine_symbol,1000,big_1.0_k2,2,0.000000,0.224300,10000,10000
affine_symbol,1000,big_1.0_k3,2,0.001500,0.182600,10000,10000
affine_symbol,1000,big_1.1_k1,2,0.000000,0.224300,10000,10000
affine_symbol,1000,big_1.1_k2,2,0.000000,0.350000,10000,10000
affine_symbol,1000,big_1.1_k3,2,0.000000,0.398100,10000,10000
affine_symbol,1000,big_1.2_k1,2,0.000000,0.224300,10000,10000
affine_symbol,1000,big_1.2_k2,2,0.000000,0.224300,10000,10000
affine_symbol,1000,big_1.2_k3,2,0.001500,0.182600,10000,10000
affine_symbol,1000,big_1.3_k1,2,0.000000,0.224300,10000,10000
affine_symbol,1000,big_1.3_k2,2,0.000000,0.224300,10000,10000
affine_symbol,1000,big_1.3_k3,2,0.001500,0.182600,10000,10000
affine_symbol,1000,big_3.0,2,0.485000,0.266800,10000,10000
affine_symbol,1000,big_5.1,2,0.000000,0.096100,10000,10000
affine_symbol,1000,sym_1.0_k3,1,0.000000,1.000000,10000,10000
affine_symbol,1000,sym_1.0_k4,1,0.000000,1.000000,10000,10000
affine_symbol,1000,sym_1.0_k5,1,0.000000,1.000000,10000,10000
affine_symbol,1000,sym_1.1_k3,1,0.000000,1.000000,10000,10000
affine_symbol,1000,sym_1.1_k4,1,0.000000,1.000000,10000,10000
affine_symbol,1000,sym_1.1_k5,1,0.000000,1.000000,10000,10000
affine_symbol,1000,sym_1.2_k3,1,0.000000,1.000000,10000,10000
affine_symbol,1000,sym_1.2_k4,1,0.000000,1.000000,10000,10000
affine_symbol,1000,sym_1.2_k5,1,0.000000,1.000000,10000,10000
affine_symbol,1000,sym_1.3_k3,1,0.000000,1.000000,10000,10000
affine_symbol,1000,sym_1.3_k4,1,0.000000,1.000000,10000,10000
affine_symbol,1000,sym_1.3_k5,1,0.000000,1.000000,10000,10000
affine_symbol,1000,sym_3.0,1,0.000600,0.603900,10000,10000
affine_symbol,1000,sym_5.1,1,0.000000,0.604200,10000,10000
vigenere_r1,10,big_1.0_k1,2,0.000000,0.921500,10000,10000
vigenere_r1,10,big_1.0_k2,2,0.000000,0.921500,10000,10000
vigenere_r1,10,big_1.0_k3,2,0.000100,0.858200,10000,10000
vigenere_r1,10,big_1.1_k1,2,0.000000,0.921500,10000,10000
vigenere_r1,10,big_1.1_k2,2,0.000000,0.997000,10000,10000
affine_symbol,100,sym_1.3_k4,1,0.000000,1.000000,10000,10000
vigenere_r1,10,big_1.1_k3,2,0.000000,0.999600,10000,10000
vigenere_r1,10,big_1.2_k1,2,0.000000,0.921500,10000,10000
vigenere_r1,10,big_1.2_k2,2,0.000000,0.921500,10000,10000
vigenere_r1,10,big_1.2_k3,2,0.000100,0.858200,10000,10000
vigenere_r1,10,big_1.3_k1,2,0.000000,0.921500,10000,10000
vigenere_r1,10,big_1.3_k2,2,0.000000,0.921500,10000,10000
vigenere_r1,10,big_1.3_k3,2,0.000100,0.858200,10000,10000
vigenere_r1,10,big_3.0,2,1.000000,0.000000,10000,10000
vigenere_r1,10,big_5.1,2,1.000000,0.000000,10000,10000
vigenere_r1,10,sym_1.0_k3,1,0.000000,1.000000,10000,10000
vigenere_r1,10,sym_1.0_k4,1,0.000000,1.000000,10000,10000
vigenere_r1,10,sym_1.0_k5,1,0.000000,1.000000,10000,10000
vigenere_r1,10,sym_1.1_k3,1,0.000000,1.000000,10000,10000
vigenere_r1,10,sym_1.1_k4,1,0.000000,1.000000,10000,10000
vigenere_r1,10,sym_1.1_k5,1,0.000000,1.000000,10000,10000
vigenere_r1,10,sym_1.2_k3,1,0.000000,1.000000,10000,10000
vigenere_r1,10,sym_1.2_k4,1,0.000000,1.000000,10000,10000
vigenere_r1,10,sym_1.2_k5,1,0.000000,1.000000,10000,10000
vigenere_r1,10,sym_1.3_k3,1,0.000000,1.000000,10000,10000
vigenere_r1,10,sym_1.3_k4,1,0.000000,1.000000,10000,10000
vigenere_r1,10,sym_1.3_k5,1,0.000000,1.000000,10000,10000
vigenere_r1,10,sym_3.0,1,1.000000,0.000000,10000,10000
vigenere_r1,10,sym_5.1,1,0.425600,0.080500,10000,10000
vigenere_r1,100,big_1.0_k1,2,0.000000,0.501700,10000,10000
vigenere_r1,100,big_1.0_k2,2,0.000000,0.501700,10000,10000
vigenere_r1,100,big_1.0_k3,2,0.000100,0.315100,10000,10000
vigenere_r1,100,big_1.1_k1,2,0.000000,0.501700,10000,10000
vigenere_r1,100,big_1.1_k2,2,0.000000,0.831200,10000,10000
vigenere_r1,100,big_1.1_k3,2,0.000000,0.814300,10000,10000
vigenere_r1,100,big_1.2_k1,2,0.000000,0.501700,10000,10000
vigenere_r1,100,big_1.2_k2,2,0.000000,0.501700,10000,10000
vigenere_r1,100,big_1.3_k1,2,0.000000,0.501700,10000,10000
vigenere_r1,100,big_1.3_k2,2,0.000000,0.501700,10000,10000
vigenere_r1,100,big_1.3_k3,2,0.000100,0.315100,10000,10000
vigenere_r1,100,big_3.0,2,1.000000,0.000000,10000,10000
vigenere_r1,100,big_5.1,2,0.501700,0.032000,10000,10000
vigenere_r1,100,sym_1.0_k3,1,0.000000,1.000000,10000,10000
vigenere_r1,100,sym_1.0_k4,1,0.000000,1.000000,10000,10000
vigenere_r1,100,sym_1.0_k5,1,0.000000,1.000000,10000,10000
vigenere_r1,100,sym_1.1_k3,1,0.000000,1.000000,10000,10000
vigenere_r1,100,sym_1.1_k4,1,0.000000,1.000000,10000,10000
vigenere_r1,100,big_1.2_k3,2,0.000100,0.315100,10000,10000
vigenere_r1,100,sym_1.1_k5,1,0.000000,1.000000,10000,10000
vigenere_r1,100,sym_1.2_k3,1,0.000000,1.000000,10000,10000
vigenere_r1,100,sym_1.2_k4,1,0.000000,1.000000,10000,10000
vigenere_r1,100,sym_1.2_k5,1,0.000000,1.000000,10000,10000
vigenere_r1,100,sym_1.3_k3,1,0.000000,1.000000,10000,10000
vigenere_r1,100,sym_1.3_k4,1,0.000000,1.000000,10000,10000
vigenere_r1,100,sym_1.3_k5,1,0.000000,1.000000,10000,10000
vigenere_r1,100,sym_3.0,1,0.722000,0.278000,10000,10000
vigenere_r1,100,sym_5.1,1,0.000000,0.996700,10000,10000
vigenere_r1,1000,big_1.0_k1,2,0.000000,0.101300,10000,10000
vigenere_r1,1000,big_1.0_k2,2,0.000000,0.101300,10000,10000
vigenere_r1,1000,big_1.0_k3,2,0.001500,0.069000,10000,10000
vigenere_r1,1000,big_1.1_k1,2,0.000000,0.101300,10000,10000
vigenere_r1,1000,big_1.1_k2,2,0.000000,0.202700,10000,10000
vigenere_r1,1000,big_1.1_k3,2,0.000000,0.166100,10000,10000
vigenere_r1,1000,big_1.2_k1,2,0.000000,0.101300,10000,10000
vigenere_r1,1000,big_1.2_k2,2,0.000000,0.101300,10000,10000
vigenere_r1,1000,big_1.2_k3,2,0.001500,0.069000,10000,10000
vigenere_r1,1000,big_1.3_k1,2,0.000000,0.101300,10000,10000
vigenere_r1,1000,big_1.3_k2,2,0.000000,0.101300,10000,10000
vigenere_r1,1000,big_1.3_k3,2,0.001500,0.069000,10000,10000
vigenere_r1,1000,big_3.0,2,0.485000,0.515000,10000,10000
vigenere_r1,1000,big_5.1,2,0.000000,0.181000,10000,10000
vigenere_r1,1000,sym_1.0_k3,1,0.000000,1.000000,10000,10000
vigenere_r1,1000,sym_1.0_k4,1,0.000000,1.000000,10000,10000
vigenere_r1,1000,sym_1.0_k5,1,0.000000,1.000000,10000,10000
vigenere_r1,1000,sym_1.1_k3,1,0.000000,1.000000,10000,10000
vigenere_r1,1000,sym_1.1_k4,1,0.000000,1.000000,10000,10000
vigenere_r1,1000,sym_1.1_k5,1,0.000000,1.000000,10000,10000
vigenere_r1,1000,sym_1.2_k3,1,0.000000,1.000000,10000,10000
vigenere_r1,1000,sym_1.2_k4,1,0.000000,1.000000,10000,10000
vigenere_r1,1000,sym_1.2_k5,1,0.000000,1.000000,10000,10000
vigenere_r1,1000,sym_1.3_k3,1,0.000000,1.000000,10000,10000
vigenere_r1,1000,sym_1.3_k4,1,0.000000,1.000000,10000,10000
vigenere_r1,1000,sym_1.3_k5,1,0.000000,1.000000,10000,10000
vigenere_r1,1000,sym_3.0,1,0.000600,0.999400,10000,10000
vigenere_r1,1000,sym_5.1,1,0.000000,1.000000,10000,10000
vigenere_r10,10,big_1.0_k1,2,0.000000,0.927300,10000,10000
vigenere_r10,10,big_1.0_k2,2,0.000000,0.927300,10000,10000
vigenere_r10,10,big_1.0_k3,2,0.000100,0.858300,10000,10000
vigenere_r10,10,big_1.1_k1,2,0.000000,0.927300,10000,10000
vigenere_r10,10,big_1.1_k2,2,0.000000,0.998000,10000,10000
vigenere_r10,10,big_1.1_k3,2,0.000000,0.999800,10000,10000
vigenere_r10,10,big_1.2_k1,2,0.000000,0.927300,10000,10000
vigenere_r10,10,big_1.2_k2,2,0.000000,0.927300,10000,10000
vigenere_r10,10,big_1.2_k3,2,0.000100,0.858300,10000,10000
vigenere_r10,10,big_1.3_k1,2,0.000000,0.927300,10000,10000
vigenere_r10,10,big_1.3_k2,2,0.000000,0.927300,10000,10000
vigenere_r10,10,big_1.3_k3,2,0.000100,0.858300,10000,10000
vigenere_r10,10,big_3.0,2,1.000000,0.000000,10000,10000
vigenere_r10,10,big_5.1,2,1.000000,0.000000,10000,10000
vigenere_r10,10,sym_1.0_k3,1,0.000000,1.000000,10000,10000
vigenere_r10,10,sym_1.0_k4,1,0.000000,1.000000,10000,10000
vigenere_r10,10,sym_1.0_k5,1,0.000000,1.000000,10000,10000
vigenere_r10,10,sym_1.1_k3,1,0.000000,1.000000,10000,10000
vigenere_r10,10,sym_1.1_k4,1,0.000000,1.000000,10000,10000
vigenere_r10,10,sym_1.1_k5,1,0.000000,1.000000,10000,10000
vigenere_r10,10,sym_1.2_k3,1,0.000000,1.000000,10000,10000
vigenere_r10,10,sym_1.2_k4,1,0.000000,1.000000,10000,10000
vigenere_r10,10,sym_1.3_k3,1,0.000000,1.000000,10000,10000
vigenere_r10,10,sym_1.3_k4,1,0.000000,1.000000,10000,10000
vigenere_r10,10,sym_1.3_k5,1,0.000000,1.000000,10000,10000
vigenere_r10,10,sym_3.0,1,1.000000,0.000000,10000,10000
vigenere_r10,10,sym_5.1,1,0.425600,0.079800,10000,10000
vigenere_r10,100,big_1.0_k1,2,0.000000,0.435300,10000,10000
vigenere_r10,100,big_1.0_k2,2,0.000000,0.435300,10000,10000
vigenere_r10,100,big_1.0_k3,2,0.000100,0.200100,10000,10000
vigenere_r10,100,big_1.1_k1,2,0.000000,0.435300,10000,10000
vigenere_r10,10,sym_1.2_k5,1,0.000000,1.000000,10000,10000
vigenere_r10,100,big_1.1_k2,2,0.000000,0.810400,10000,10000
vigenere_r10,100,big_1.1_k3,2,0.000000,0.790100,10000,10000
vigenere_r10,100,big_1.2_k1,2,0.000000,0.435300,10000,10000
vigenere_r10,100,big_1.2_k2,2,0.000000,0.435300,10000,10000
vigenere_r10,100,big_1.2_k3,2,0.000100,0.200100,10000,10000
vigenere_r10,100,big_1.3_k1,2,0.000000,0.435300,10000,10000
vigenere_r10,100,big_1.3_k2,2,0.000000,0.435300,10000,10000
vigenere_r10,100,big_1.3_k3,2,0.000100,0.200100,10000,10000
vigenere_r10,100,big_3.0,2,1.000000,0.000000,10000,10000
vigenere_r10,100,big_5.1,2,0.501700,0.000000,10000,10000
vigenere_r10,100,sym_1.0_k3,1,0.000000,1.000000,10000,10000
vigenere_r10,100,sym_1.0_k4,1,0.000000,1.000000,10000,10000
vigenere_r10,100,sym_1.0_k5,1,0.000000,1.000000,10000,10000
vigenere_r10,100,sym_1.1_k3,1,0.000000,1.000000,10000,10000
vigenere_r10,100,sym_1.1_k4,1,0.000000,1.000000,10000,10000
vigenere_r10,100,sym_1.1_k5,1,0.000000,1.000000,10000,10000
vigenere_r10,100,sym_1.2_k3,1,0.000000,1.000000,10000,10000
vigenere_r10,100,sym_1.2_k4,1,0.000000,1.000000,10000,10000
vigenere_r10,100,sym_1.2_k5,1,0.000000,1.000000,10000,10000
vigenere_r10,100,sym_1.3_k3,1,0.000000,1.000000,10000,10000
vigenere_r10,100,sym_1.3_k4,1,0.000000,1.000000,10000,10000
vigenere_r10,100,sym_1.3_k5,1,0.000000,1.000000,10000,10000
vigenere_r10,100,sym_3.0,1,0.722000,0.890100,10000,10000
vigenere_r10,100,sym_5.1,1,0.000000,1.000000,10000,10000
vigenere_r10,1000,big_1.0_k1,2,0.000000,0.001200,10000,10000
vigenere_r10,1000,big_1.0_k2,2,0.000000,0.001200,10000,10000
vigenere_r10,1000,big_1.0_k3,2,0.001500,0.000000,10000,10000
vigenere_r10,1000,big_1.1_k1,2,0.000000,0.001200,10000,10000
vigenere_r10,1000,big_1.1_k2,2,0.000000,0.014000,10000,10000
vigenere_r10,1000,big_1.1_k3,2,0.000000,0.001000,10000,10000
vigenere_r10,1000,big_1.2_k1,2,0.000000,0.001200,10000,10000
vigenere_r10,1000,big_1.2_k2,2,0.000000,0.001200,10000,10000
vigenere_r10,1000,big_1.2_k3,2,0.001500,0.000000,10000,10000
vigenere_r10,1000,big_1.3_k1,2,0.000000,0.001200,10000,10000
vigenere_r10,1000,big_1.3_k2,2,0.000000,0.001200,10000,10000
vigenere_r10,1000,big_1.3_k3,2,0.001500,0.000000,10000,10000
vigenere_r10,1000,big_3.0,2,0.485000,0.999700,10000,10000
vigenere_r10,1000,big_5.1,2,0.000000,0.996000,10000,10000
vigenere_r10,1000,sym_1.0_k3,1,0.000000,1.000000,10000,10000
vigenere_r10,1000,sym_1.0_k4,1,0.000000,1.000000,10000,10000
vigenere_r10,1000,sym_1.0_k5,1,0.000000,1.000000,10000,10000
vigenere_r10,1000,sym_1.1_k3,1,0.000000,1.000000,10000,10000
vigenere_r10,1000,sym_1.1_k4,1,0.000000,1.000000,10000,10000
vigenere_r10,1000,sym_1.1_k5,1,0.000000,1.000000,10000,10000
vigenere_r10,1000,sym_1.2_k3,1,0.000000,1.000000,10000,10000
vigenere_r10,1000,sym_1.2_k4,1,0.000000,1.000000,10000,10000
vigenere_r10,1000,sym_1.2_k5,1,0.000000,1.000000,10000,10000
vigenere_r10,1000,sym_1.3_k3,1,0.000000,1.000000,10000,10000
vigenere_r10,1000,sym_1.3_k4,1,0.000000,1.000000,10000,10000
vigenere_r10,1000,sym_1.3_k5,1,0.000000,1.000000,10000,10000
vigenere_r10,1000,sym_3.0,1,0.000600,0.000100,10000,10000
vigenere_r10,1000,sym_5.1,1,0.000000,1.000000,10000,10000
vigenere_r5,10,big_1.0_k1,2,0.000000,0.924100,10000,10000
vigenere_r5,10,big_1.0_k2,2,0.000000,0.924100,10000,10000
vigenere_r5,10,big_1.0_k3,2,0.000100,0.864500,10000,10000
vigenere_r5,10,big_1.1_k1,2,0.000000,0.924100,10000,10000
vigenere_r5,10,big_1.1_k2,2,0.000000,0.997100,10000,10000
vigenere_r5,10,big_1.1_k3,2,0.000000,0.998800,10000,10000
vigenere_r5,10,big_1.2_k2,2,0.000000,0.924100,10000,10000
vigenere_r5,10,big_1.2_k3,2,0.000100,0.864500,10000,10000
vigenere_r5,10,big_1.3_k1,2,0.000000,0.924100,10000,10000
vigenere_r5,10,big_1.2_k1,2,0.000000,0.924100,10000,10000
vigenere_r5,10,big_1.3_k2,2,0.000000,0.924100,10000,10000
vigenere_r5,10,big_1.3_k3,2,0.000100,0.864500,10000,10000
vigenere_r5,10,big_3.0,2,1.000000,0.000000,10000,10000
vigenere_r5,10,big_5.1,2,1.000000,0.000000,10000,10000
vigenere_r5,10,sym_1.0_k3,1,0.000000,1.000000,10000,10000
vigenere_r5,10,sym_1.0_k4,1,0.000000,1.000000,10000,10000
vigenere_r5,10,sym_1.0_k5,1,0.000000,1.000000,10000,10000
vigenere_r5,10,sym_1.1_k3,1,0.000000,1.000000,10000,10000
vigenere_r5,10,sym_1.1_k4,1,0.000000,1.000000,10000,10000
vigenere_r5,10,sym_1.1_k5,1,0.000000,1.000000,10000,10000
vigenere_r5,10,sym_1.2_k3,1,0.000000,1.000000,10000,10000
vigenere_r5,10,sym_1.2_k4,1,0.000000,1.000000,10000,10000
vigenere_r5,10,sym_1.2_k5,1,0.000000,1.000000,10000,10000
vigenere_r5,10,sym_1.3_k3,1,0.000000,1.000000,10000,10000
vigenere_r5,10,sym_1.3_k4,1,0.000000,1.000000,10000,10000
vigenere_r5,10,sym_1.3_k5,1,0.000000,1.000000,10000,10000
vigenere_r5,10,sym_3.0,1,1.000000,0.000000,10000,10000
vigenere_r5,10,sym_5.1,1,0.425600,0.079000,10000,10000
vigenere_r5,100,big_1.0_k1,2,0.000000,0.459100,10000,10000
vigenere_r5,100,big_1.0_k2,2,0.000000,0.459100,10000,10000
vigenere_r5,100,big_1.0_k3,2,0.000100,0.224700,10000,10000
vigenere_r5,100,big_1.1_k1,2,0.000000,0.459100,10000,10000
vigenere_r5,100,big_1.1_k2,2,0.000000,0.821900,10000,10000
vigenere_r5,100,big_1.1_k3,2,0.000000,0.801800,10000,10000
vigenere_r5,100,big_1.2_k1,2,0.000000,0.459100,10000,10000
vigenere_r5,100,big_1.2_k2,2,0.000000,0.459100,10000,10000
vigenere_r5,100,big_1.2_k3,2,0.000100,0.224700,10000,10000
vigenere_r5,100,big_1.3_k1,2,0.000000,0.459100,10000,10000
vigenere_r5,100,big_1.3_k2,2,0.000000,0.459100,10000,10000
vigenere_r5,100,big_1.3_k3,2,0.000100,0.224700,10000,10000
vigenere_r5,100,big_3.0,2,1.000000,0.000000,10000,10000
vigenere_r5,100,big_5.1,2,0.501700,0.000000,10000,10000
vigenere_r5,100,sym_1.0_k3,1,0.000000,1.000000,10000,10000
vigenere_r5,100,sym_1.0_k4,1,0.000000,1.000000,10000,10000
vigenere_r5,100,sym_1.0_k5,1,0.000000,1.000000,10000,10000
vigenere_r5,100,sym_1.1_k3,1,0.000000,1.000000,10000,10000
vigenere_r5,100,sym_1.1_k4,1,0.000000,1.000000,10000,10000
vigenere_r5,100,sym_1.1_k5,1,0.000000,1.000000,10000,10000
vigenere_r5,100,sym_1.2_k3,1,0.000000,1.000000,10000,10000
vigenere_r5,100,sym_1.2_k4,1,0.000000,1.000000,10000,10000
vigenere_r5,100,sym_1.2_k5,1,0.000000,1.000000,10000,10000
vigenere_r5,100,sym_1.3_k3,1,0.000000,1.000000,10000,10000
vigenere_r5,100,sym_1.3_k4,1,0.000000,1.000000,10000,10000
vigenere_r5,100,sym_1.3_k5,1,0.000000,1.000000,10000,10000
vigenere_r5,100,sym_3.0,1,0.722000,0.961400,10000,10000
vigenere_r5,100,sym_5.1,1,0.000000,1.000000,10000,10000
vigenere_r5,1000,big_1.0_k1,2,0.000000,0.005800,10000,10000
vigenere_r5,1000,big_1.0_k2,2,0.000000,0.005800,10000,10000
vigenere_r5,1000,big_1.0_k3,2,0.001500,0.000600,10000,10000
vigenere_r5,1000,big_1.1_k1,2,0.000000,0.005800,10000,10000
vigenere_r5,1000,big_1.1_k2,2,0.000000,0.035900,10000,10000
vigenere_r5,1000,big_1.1_k3,2,0.000000,0.008100,10000,10000
vigenere_r5,1000,big_1.2_k1,2,0.000000,0.005800,10000,10000
vigenere_r5,1000,big_1.2_k2,2,0.000000,0.005800,10000,10000
vigenere_r5,1000,big_1.2_k3,2,0.001500,0.000600,10000,10000
vigenere_r5,1000,big_1.3_k1,2,0.000000,0.005800,10000,10000
vigenere_r5,1000,big_1.3_k2,2,0.000000,0.005800,10000,10000
vigenere_r5,1000,big_1.3_k3,2,0.001500,0.000600,10000,10000
vigenere_r5,1000,big_3.0,2,0.485000,1.000000,10000,10000
vigenere_r5,1000,big_5.1,2,0.000000,0.957000,10000,10000
vigenere_r5,1000,sym_1.0_k3,1,0.000000,1.000000,10000,10000
vigenere_r5,1000,sym_1.0_k4,1,0.000000,1.000000,10000,10000
vigenere_r5,1000,sym_1.0_k5,1,0.000000,1.000000,10000,10000
vigenere_r5,1000,sym_1.1_k3,1,0.000000,1.000000,10000,10000
vigenere_r5,1000,sym_1.1_k4,1,0.000000,1.000000,10000,10000
vigenere_r5,1000,sym_1.1_k5,1,0.000000,1.000000,10000,10000
vigenere_r5,1000,sym_1.2_k4,1,0.000000,1.000000,10000,10000
vigenere_r5,1000,sym_1.2_k5,1,0.000000,1.000000,10000,10000
vigenere_r5,1000,sym_1.3_k3,1,0.000000,1.000000,10000,10000
vigenere_r5,1000,sym_1.2_k3,1,0.000000,1.000000,10000,10000
vigenere_r5,1000,sym_1.3_k4,1,0.000000,1.000000,10000,10000
vigenere_r5,1000,sym_1.3_k5,1,0.000000,1.000000,10000,10000
vigenere_r5,1000,sym_3.0,1,0.000600,0.011500,10000,10000
vigenere_r5,1000,sym_5.1,1,0.000000,1.000000,10000,10000
